ocr_id,series,grid_E4,grid_N4,lon,lat,Ht,Axis,conc,raw_following
1201,1200,7604,6577,5.93714,51.87682,16,135,,16 | 135 | 1239
1239,1200,7183,7118,5.87408,51.9245,9,,,9 | 1235 | joone
1202,1200,7632,6598,5.94113,51.87877,10,,,10 | 1234 | 148
1240,1200,7234,7191,5.88123,51.93117,8,135,,8 | 135 | 1238
1203,1200,7664,6630,5.94566,51.88171,10,117,,10 | 117 | 1241
1241,1200,7270,7230,5.88632,51.93476,8,135,,8 | 135 | KCU4
KCU4,other,7364,6620,5.90215,51.88016,11,87,,11 | 87 | 1242
1242,1200,7290,7258,5.88913,51.93732,9,,conc,9 | oono | tiezy
1205,1200,7400,6622,5.90736,51.88042,,58,,58 | 300 | 7186 7174
300,300,7186,7174,5.87432,51.92954,8,17,,8 | 17 | ELST
1206,1200,7395,6657,5.90651,51.88356,10,81,,10 | 81 | 301
301,300,7140,7190,5.86757,51.93087,8,17,,8 | 17 | 1207
1207,1200,7367,6659,5.90244,51.88368,10,107,,10 | 107 | 302
302,300,7146,7250,5.86823,51.93628,8,67,,8 | 67 | 1208
303,300,7090,7269,5.86002,51.93786,,,conc,conc | Raj | ox
1230,1200,7760,6642,5.95956,51.88299,8,,,1232 | 8 | 1209
304,300,7112,7336,5.86298,51.94393,,109,,109 | + | FERRET
FERRET,other,7698,6660,5.95049,51.88448,,108,,108 | 1227 | 1210
1210,1200,7717,6678,5.95319,51.88614,,50,,50 | 305 | 7135 7330
305,300,7135,7330,5.86634,51.94344,8,107,,8 | 107 | 1211
1211,1200,7680,6676,5.94783,51.88588,9,97,,9 | 97 | 306
1228,1200,7230,7300,5.88026,51.94096,,62,,62 | 1212 | 7660 6720
1212,1200,7660,6720,5.94477,51.88979,9,50,,9 | 50 | 307
307,300,7136,7400,5.86624,51.94973,8,38,,8 | 38 | 1213
1213,1200,7632,6763,5.94056,51.89359,9,55,,9 | 55 | 308
308,300,7009,7439,5.84763,51.95295,9,90,,9 | 90 | ELEPHANT
1214,1200,7686,6734,5.9485,51.8911,10,72,,10 | 72 | 309
309,300,7058,7467,5.85465,51.95557,9,90,,9 | 90 | 6NWW
1215,1200,7681,6781,5.94761,51.89531,10,,conc,10 | aono | 310
310,300,7168,7510,5.87049,51.95968,,360,,360 | 1216 | 7607 6797
1216,1200,7607,6797,5.93681,51.89659,9,52,,9 | 52 | 311
311,300,7267,7476,5.88501,51.95685,,51,,51 | 6SWW | GSWE
1217,1200,7614,6846,5.93765,51.90101,10,,conc,10 | aono | 315
315,300,7082,7578,5.85774,51.9656,,106,,106 | 1222 | 1218
1218,1200,7579,6832,5.93262,51.89968,9,52,,9 | 52 | 316
316,300,7110,7660,5.86151,51.97303,,132,,132 | 1219 | 7545 6870
1219,1200,7545,6870,5.92755,51.90302,9,52,,9 | 52 | 317
317,300,7078,7653,5.85689,51.97233,8,20,,8 | 20 | 1226
1220,1200,7551,6902,5.92831,51.9059,9,74,,9 | 74 | 318
318,300,7035,7678,5.85054,51.97448,20,,,20 | ELK | 1221
1221,1200,7510,6920,5.92229,51.90743,9,48,,9 | 48 | 1225
319,300,6942,7698,5.83694,51.97606,10,360,,10 | 360 | 1222
1222,1200,7480,6980,5.91772,51.91276,9,30,,9 | 30 | 320
320,300,6866,7690,5.82591,51.97517,10,345,,10 | 345 | 1223
1223,1200,7440,7008,5.91181,51.91519,9,30,,9 | 30 | 321
321,300,6817,7678,5.81883,51.97398,10,,,1221 | 10 | 328
1224,1200,7411,7026,5.90754,51.91674,9,,conc,9 | oono | 322
322,300,6740,7637,5.80778,51.97012,10,330,,10 | 330 | DOE
1225,1200,7438,6954,5.91171,51.91033,9,25,,"9 | 25 | U,149"
"U,149",400/1400,6734,7550,5.80723,51.96229,9,,conc,9 | conc | o
1226,1200,7400,6972,5.90613,51.91187,9,20,,9 | 20 | 1450
1450,400/1400,6725,7476,5.8062,51.95563,8,65,,8 | 65 | o
1227,1200,7370,7065,5.90144,51.92015,9,45,,9 | 45 | 460
460,400/1400,6731,7596,5.80663,51.96642,10,335,,10 | 335 | 1228
1228,1200,7336,7060,5.89652,51.91963,9,115,,9 | 115 | 461
461,400/1400,6685,7574,5.80002,51.96434,10,335,,10 | 335 | 1219
1229,1200,7280,7020,5.88853,51.91591,9,,conc,9 | oono | 462
462,400/1400,6642,7549,5.79386,51.96199,10,335,,10 | 335 | 1230
1230,1200,7440,7083,5.91155,51.92192,,,conc,oono | 463 | 6596 7524
463,400/1400,6596,7524,5.78726,51.95964,10,335,,10 | 335 | 1217
1231,1200,7415,7112,5.90781,51.92447,,,conc,oono | 1452 | 6654 7551
1452,400/1400,6654,7551,5.7956,51.9622,10,,conc,10 | conc | O
1232,1200,7280,7070,5.88835,51.92041,,,conc,oono | 1453 | 6626 7533
1453,400/1400,6626,7533,5.79159,51.96052,10,,,10 | O | 12:8
1233,1200,7322,7114,5.89429,51.92445,,45,,45 | 413 | 6694 7604
413,400/1400,6694,7604,5.80122,51.96705,,335,,335 | 1234 | 7330 7140
1234,1200,7330,7140,5.89536,51.9268,,,conc,cono | 4.68 | 6640 7570
4.68,400/1400,6640,7570,5.79349,51.96387,10,335,,10 | 335 | sos
1235,1200,7280,7145,5.88808,51.92714,18,,,18 | 414 | 6592 7546
414,400/1400,6592,7546,5.7866,51.96161,10,,,10 | 1216 | 1235
BEAV,other,7230,7160,5.88076,51.92838,18,,,18 | 412 | 6663 7626
412,400/1400,6663,7626,5.79662,51.96896,15,,conc,15 | cone | Q
1237,1200,7251,7115,5.88397,51.92438,20,,,20 | 435 | 16617 7609
1238,1200,7206,7145,5.87733,51.92698,9,20,,9 | 20 | Ti215
