ocr_id,ref,x,y,lon,lat,following_tokens
1201,7604 6577,376040.0,565770.0,5.937135,51.876822,16 | 135 | 1239
1239,7183 7118,371830.0,571180.0,5.874082,51.924503,9 | 1235 | joone
1202,7632 6598,376320.0,565980.0,5.941127,51.878769,10 | 1234 | 148
1240,7234 7191,372340.0,571910.0,5.881231,51.931174,8 | 135 | 1238
1203,7664 6630,376640.0,566300.0,5.945662,51.881712,10 | 117 | 1241
1241,7270 7230,372700.0,572300.0,5.886324,51.934756,8 | 135 | KCU4
KCU4,7364 6620,373640.0,566200.0,5.902145,51.880165,11 | 87 | 1242
1242,7290 7258,372900.0,572580.0,5.889131,51.937316,9 | oono | tiezy
1205,7400 6622,374000.0,566220.0,5.907364,51.880423,58 | 300 | 7186 7174
300,7186 7174,371860.0,571740.0,5.874317,51.92954,8 | 17 | ELST
1206,7395 6657,373950.0,566570.0,5.906515,51.883557,10 | 81 | 301
301,7140 7190,371400.0,571900.0,5.867575,51.930875,8 | 17 | 1207
1207,7367 6659,373670.0,566590.0,5.902443,51.883675,10 | 107 | 302
302,7146 7250,371460.0,572500.0,5.86823,51.936278,8 | 67 | 1208
303,7090 7269,370900.0,572690.0,5.860022,51.93786,conc | Raj | ox
1230,7760 6642,377600.0,566420.0,5.959557,51.882994,1232 | 8 | 1209
304,7112 7336,371120.0,573360.0,5.862978,51.943928,109 | + | FERRET
FERRET,7698 6660,376980.0,566600.0,5.950494,51.88448,108 | 1227 | 1210
1210,7717 6678,377170.0,566780.0,5.953191,51.886137,50 | 305 | 7135 7330
305,7135 7330,371350.0,573300.0,5.866343,51.94344,8 | 107 | 1211
1211,7680 6676,376800.0,566760.0,5.947826,51.885879,9 | 97 | 306
1228,7230 7300,372300.0,573000.0,5.88026,51.940956,62 | 1212 | 7660 6720
1212,7660 6720,376600.0,567200.0,5.94477,51.889789,9 | 50 | 307
307,7136 7400,371360.0,574000.0,5.866235,51.94973,8 | 38 | 1213
1213,7632 6763,376320.0,567630.0,5.940556,51.893592,9 | 55 | 308
308,7009 7439,370090.0,574390.0,5.84763,51.952949,9 | 90 | ELEPHANT
1214,7686 6734,376860.0,567340.0,5.948497,51.891102,10 | 72 | 309
309,7058 7467,370580.0,574670.0,5.854652,51.955574,9 | 90 | 6NWW
1215,7681 6781,376810.0,567810.0,5.947609,51.895314,10 | aono | 310
310,7168 7510,371680.0,575100.0,5.870491,51.959683,360 | 1216 | 7607 6797
1216,7607 6797,376070.0,567970.0,5.936807,51.896592,9 | 52 | 311
311,7267 7476,372670.0,574760.0,5.885009,51.956848,51 | 6SWW | GSWE
1217,7614 6846,376140.0,568460.0,5.937654,51.901009,10 | aono | 315
315,7082 7578,370820.0,575780.0,5.857739,51.965599,106 | 1222 | 1218
1218,7579 6832,375790.0,568320.0,5.932619,51.899677,9 | 52 | 316
316,7110 7660,371100.0,576600.0,5.861514,51.973027,132 | 1219 | 7545 6870
1219,7545 6870,375450.0,568700.0,5.927549,51.903017,9 | 52 | 317
317,7078 7653,370780.0,576530.0,5.856885,51.972327,8 | 20 | 1226
1220,7551 6902,375510.0,569020.0,5.928309,51.905905,9 | 74 | 318
318,7035 7678,370350.0,576780.0,5.85054,51.974476,20 | ELK | 1221
1221,7510 6920,375100.0,569200.0,5.922291,51.907433,9 | 48 | 1225
319,6942 7698,369420.0,576980.0,5.836938,51.976062,10 | 360 | 1222
1222,7480 6980,374800.0,569800.0,5.917723,51.912758,9 | 30 | 320
320,6866 7690,368660.0,576900.0,5.825913,51.975171,10 | 345 | 1223
1223,7440 7008,374400.0,570080.0,5.911813,51.915186,9 | 30 | 321
321,6817 7678,368170.0,576780.0,5.81883,51.973981,1221 | 10 | 328
1224,7411 7026,374110.0,570260.0,5.907537,51.91674,9 | oono | 322
322,6740 7637,367400.0,576370.0,5.807782,51.970122,10 | 330 | DOE
1225,7438 6954,374380.0,569540.0,5.911713,51.910331,"9 | 25 | U,149"
"U,149",6734 7550,367340.0,575500.0,5.807234,51.962293,9 | conc | o
1226,7400 6972,374000.0,569720.0,5.906129,51.911865,9 | 20 | 1450
1450,6725 7476,367250.0,574760.0,5.806201,51.955625,8 | 65 | o
1227,7370 7065,373700.0,570650.0,5.901442,51.920154,9 | 45 | 460
460,6731 7596,367310.0,575960.0,5.806626,51.966418,10 | 335 | 1228
1228,7336 7060,373360.0,570600.0,5.89652,51.91963,9 | 115 | 461
461,6685 7574,366850.0,575740.0,5.800019,51.964336,10 | 335 | 1219
1229,7280 7020,372800.0,570200.0,5.888526,51.915914,9 | oono | 462
462,6642 7549,366420.0,575490.0,5.793859,51.961991,10 | 335 | 1230
1230,7440 7083,374400.0,570830.0,5.911549,51.921924,oono | 463 | 6596 7524
463,6596 7524,365960.0,575240.0,5.787264,51.959639,10 | 335 | 1217
1231,7415 7112,374150.0,571120.0,5.907814,51.924475,oono | 1452 | 6654 7551
1452,6654 7551,366540.0,575510.0,5.795597,51.962198,10 | conc | O
1232,7280 7070,372800.0,570700.0,5.888348,51.920406,oono | 1453 | 6626 7533
1453,6626 7533,366260.0,575330.0,5.791593,51.960517,10 | O | 12:8
1233,7322 7114,373220.0,571140.0,5.894294,51.924451,45 | 413 | 6694 7604
413,6694 7604,366940.0,576040.0,5.801215,51.967052,335 | 1234 | 7330 7140
1234,7330 7140,373300.0,571400.0,5.895364,51.926804,cono | 4.68 | 6640 7570
4.68,6640 7570,366400.0,575700.0,5.79349,51.963873,10 | 335 | sos
1235,7280 7145,372800.0,571450.0,5.888081,51.927143,18 | 414 | 6592 7546
414,6592 7546,365920.0,575460.0,5.7866,51.961605,10 | 1216 | 1235
BEAV,7230 7160,372300.0,571600.0,5.880761,51.92838,18 | 412 | 6663 7626
412,6663 7626,366630.0,576260.0,5.796624,51.968956,15 | cone | Q
1237,7251 7115,372510.0,571150.0,5.883974,51.924384,20 | 435 | 16617 7609
1238,7206 7145,372060.0,571450.0,5.877327,51.926979,9 | 20 | Ti215
